ALTER TABLE orders DROP FOREIGN KEY orders_ibfk_2;

drop table if exists product ; 
drop table if exists category ;


 

drop table if exists orders ;
drop table if exists users ;

drop table if exists sales_man ; 

 CREATE TABLE sales_man (
    sales_man_id INT PRIMARY KEY,
    sales_man_name VARCHAR(255),
    email VARCHAR(255),
    password VARCHAR(255),
    sales_man_city varchar(100),
    sales_man_salary int , 
    created_at TIMESTAMP,
    updated_at TIMESTAMP
);

CREATE TABLE category (
    category_id INT PRIMARY KEY,
    category_name VARCHAR(255)
);
CREATE TABLE product (
    product_id INT PRIMARY KEY,
    product_name VARCHAR(255),
    category_id INT,
    FOREIGN KEY (category_id) REFERENCES category(category_id)
);
CREATE TABLE users (
    id INT PRIMARY KEY,
    name VARCHAR(255),
    email VARCHAR(255),
    password VARCHAR(255),
    city varchar(100) ,
    created_at TIMESTAMP,
    updated_at TIMESTAMP
);

CREATE TABLE orders (
    order_id INT PRIMARY KEY,
    user_id INT,
    product_id INT,
    sales_man_id int ,
    
    amount FLOAT,
    created_at TIMESTAMP,
    shipping_city varchar(100),
    FOREIGN KEY (user_id) REFERENCES users(id),
    FOREIGN KEY (product_id) REFERENCES product(product_id), 
    FOREIGN KEY (sales_man_id) REFERENCES sales_man(sales_man_id)
);

INSERT INTO sales_man (sales_man_id, sales_man_name, email, password, created_at, updated_at , sales_man_city , sales_man_salary) VALUES
(1, 'Rahul Kumar', 'rahul@example.com', 'password123', '2024-03-10 12:00:00', '2024-03-10 12:00:00' , 'cityG' , 30000),
(2, 'Priya Patel', 'priya@example.com', 'password456', '2024-03-11 10:00:00', '2024-03-11 10:00:00' , 'cityH', 40000),
(3, 'Deepak Sharma', 'deepak@example.com', 'password789', '2024-03-12 08:00:00', '2024-03-12 08:00:00' , 'cityA' , 35000),
(4, 'Neha Gupta', 'neha@example.com', 'password123', '2024-03-13 08:00:00', '2024-03-13 08:00:00' , 'cityB' , 20000),
(5, 'Rajesh Singh', 'rajesh@example.com', 'password456', '2024-03-14 09:00:00', '2024-03-14 09:00:00' , 'cityC', 45000 ) ;
INSERT INTO category (category_id, category_name) VALUES
(1, 'Electronics'),
(2, 'Appliances'),
(3, 'Accessories') , 
(4, 'clothing') 


;

INSERT INTO product (product_id, product_name, category_id) VALUES
(1, 'Laptop', 1),
(2, 'Smartphone', 1),
(3, 'Tablet', 1),
(4, 'TV', 2),
(5, 'Headphones', 3) , 
(6, 'TShirt', 4) 

;

INSERT INTO users (id, name, email, password, created_at, updated_at , city ) VALUES
(1, 'John Doe', 'john@example.com', 'password123', '2024-03-10 12:00:00', '2024-03-10 12:00:00' ,"USA"),
(2, 'Jane Smith', 'jane@example.com', 'password456', '2024-03-11 10:00:00', '2024-03-11 10:00:00' , 'Canada'),
(3, 'Bob Johnson', 'bob@example.com', 'password789', '2024-03-12 08:00:00', '2024-03-12 08:00:00' , 'USA') ;


INSERT INTO orders (order_id, user_id, product_id ,sales_man_id,  amount, created_at , shipping_city) VALUES
(1, 1, 1, 3, 1500.00, '2024-03-10 13:00:00' ,  'cityA' ),
(2, 2, 2, 4,800.00, '2024-03-11 11:00:00' , 'cityB'),
(3, 3, 3, 2,500.00, '2024-03-12 09:00:00' , 'cityC' ),
(4, 1, 4, 2,2000.00, '2024-03-13 13:00:00' , 'cityD' ),
(5, 2, 5, 5,100.00, '2024-03-14 14:00:00' , 'cityA' ),
(6, 3, 1, 3,1200.00, '2024-03-15 15:00:00', 'cityD'),
(7, 1, 2, 2,700.00, '2024-03-16 16:00:00' , 'cityB'),
(8, 2, 3, 1,300.00, '2024-03-17 17:00:00' , 'cityA' ),
(9, 3, 4, 2,1800.00, '2024-03-18 18:00:00' , 'cityA' ),
(10, 1, 5, 5,50.00, '2024-03-19 19:00:00', 'cityB'), 
(11, 3, 6,2, 500.00, '2023-03-12 09:00:00' , 'cityD'),
(12, 1, 6, 3,2000.00, '2023-03-13 13:00:00' , 'cityC'),
(13, 2, 6, 2,100.00, '2023-03-14 14:00:00' , 'cityB'),
(14, 3, 6, 5,1200.00, '2023-03-15 15:00:00' , 'cityC') ; 

select * from users ;

-- 1 
select sales_man_name , sales_man_salary from sales_man
 group by sales_man_id,  sales_man_name having sales_man_salary >  (  select avg(d.sales_man_salary) from sales_man d  ) ;

-- 2 
-- Write a SQL query to retrieve the names and total revenue generated
-- by all customers in the "orders" table, sorted by revenue in descending order.
select b.id , sum(a.amount) as revenue_generated from orders a join users b on a.user_id = b.id group by b.id  ; 

-- 3 
-- Write a SQL query to retrieve the names and total revenue generated by all
-- customers in the "orders" table, sorted by revenue in descending order, 
-- where the total revenue is greater than $10,000.

select b.id , b.name , sum(a.amount) as total_revenue
 from orders a join users b
 on a.user_id = b.id group by b.id , b.name
 having total_revenue> 2000   ; 
 
 -- 4 
 --	Write a SQL query to retrieve the names and total revenue generated by all
 -- customers in the "orders" table, sorted by revenue in descending order,
 -- where the total revenue is greater than the average revenue generated by all customers.
 select b.id , b.name , sum(a.amount) as total_revenue
 from orders a join users b
 on a.user_id = b.id group by b.id , b.name
 having total_revenue > 
 (  select avg(tableA.total_revenue) from  (   
 
  select b.id , b.name , sum(a.amount) as total_revenue
 from orders a join users b
 on a.user_id = b.id group by b.id , b.name
 
 
 ) as tableA   )  
 order by total_revenue desc ; 
 
 -- 5 
-- Write a SQL query to retrieve the names and total revenue generated 
-- by all customers in the "orders" table, sorted by revenue in descending order,
-- where the total revenue is greater than the average revenue generated by all
--  customers, and the customer is from the "USA" or "Canada".
;

select b.id , b.name , sum(a.amount) as total_revenue , b.city
 from orders a join users b
 on a.user_id = b.id join sales_man c  on  a.sales_man_id = c.sales_man_id  
 group by b.id , b.name 
 having total_revenue > 
 (  select avg(tableA.total_revenue) from  (   
 
  select b.id , b.name , sum(a.amount) as total_revenue
 from orders a join users b
 on a.user_id = b.id group by b.id , b.name
 
 
 ) as tableA   )  and b.city = "USA" || b.city = "Canada"
 order by total_revenue desc ; 
 
 -- 6 
 -- Write a SQL query to retrieve the names of all employees
 -- who have made sales greater than $50,000 in the "orders" table.
 -- taking 1000 in place of 50000
 select b.sales_man_id, b.sales_man_name, sum( a.amount ) as sales_made 
 from orders a join sales_man b
 on  a.sales_man_id = b.sales_man_id
 group by b.sales_man_id  , b.sales_man_name
 having sales_made > 1000
 ; 
 
 -- 7 
 -- Write a SQL query to retrieve the names of all employees who have made sales
 -- greater than the average sales of all employees in the "orders" table,
 -- sorted by sales in descending order.
 
 select b.sales_man_id, b.sales_man_name, sum( a.amount ) as sales_made 
 from orders a join sales_man b
 on  a.sales_man_id = b.sales_man_id
 group by b.sales_man_id  , b.sales_man_name
 having sales_made >  (  
 
  select avg( sales_made ) from (
  select b.sales_man_id, b.sales_man_name, sum( a.amount ) as sales_made 
 from orders a join sales_man b
 on  a.sales_man_id = b.sales_man_id
 group by b.sales_man_id  , b.sales_man_name
  )  as tableA  
 ) 
 ; 
 
 
 -- 8 
 
 -- Write a SQL query to retrieve the names and total revenue generated by all customers
 -- in the "orders" table, sorted by revenue in descending order, where the customer is from the "USA" 
 -- and the revenue is greater than $5,000.



select b.id , b.name , sum(a.amount) as total_revenue , b.city
 from orders a join users b
 on a.user_id = b.id 
 join sales_man c 
 on  a.sales_man_id = c.sales_man_id  
 group by b.id , b.name 
 having total_revenue > 5000  and b.city = "USA" 
 order by total_revenue desc ; 
 
 -- 9  
 	-- Write a SQL query to retrieve the names and total revenue generated by all customers
    -- in the "orders" table, sorted by revenue in descending order, where the customer is from
    -- the "USA" and the revenue is greater than the average revenue generated by all customers from the "USA".
 select b.id , b.name , sum(a.amount) as total_revenue , b.city
 from orders a join users b
 on a.user_id = b.id 
 join sales_man c 
 on  a.sales_man_id = c.sales_man_id  
 group by b.id , b.name 
 having  b.city = "USA"  and
 total_revenue >  (  
 select avg( total_revenue ) from 
 (  
  select b.id , b.name , sum(a.amount) as total_revenue  ,  b.city  
 from orders a join users b
 on a.user_id = b.id 
 join sales_man c 
 on  a.sales_man_id = c.sales_man_id  
 group by b.id , b.name having b.city = 'USA'

 )  tableA
 
 
 )    
 order by total_revenue desc ; 
 
 
 -- 10 
 
 